,lr_confidence,lr_prediction,svm_confidence,svm_prediction
0,0.986383052490975,[26.9957895  27.43115813 27.18379015 27.00568437 26.96610488],0.9867195803032671,[29.1201874  29.02197418 29.13264864 29.12323646 29.1093753 ]
