,lr_confidence,lr_prediction,svm_confidence,svm_prediction
0,0.9861585415248848,[158.98630172 162.0203277  160.13645991 161.42541412 165.11384201],0.9834612763189011,[157.65263276 161.97522578 158.19467669 161.47691105 165.55069311]
