,lr_confidence,lr_prediction,svm_confidence,svm_prediction
0,0.9942885798229882,[217.24905652 220.58449555 219.44945977 218.38412278 223.51170752],0.9939965714081478,[218.8864414  215.53978423 214.72610633 219.15195633 214.84090826]
