,lr_confidence,lr_prediction,svm_confidence,svm_prediction
0,0.991188038260271,[82.29343314 82.81621016 81.60297978 80.55743331 81.92848116],0.9913876236276763,[82.83564933 83.62475764 81.84837526 80.7262275  82.27648282]
