,lr_confidence,lr_prediction,svm_confidence,svm_prediction
0,0.9944748051653239,[82.35527251 82.7746415  82.57494599 81.75616304 83.58342782],0.9951292236986713,[84.13892302 83.94114519 84.03883507 84.1995724  83.67559298]
