,lr_confidence,lr_prediction,svm_confidence,svm_prediction
0,0.9961536109472086,[189.84276455 190.57055522 191.81679514 191.07902783 192.04610512],0.9959685394516143,[194.38523108 194.04754715 192.53836198 193.38553829 192.43911368]
