,lr_confidence,lr_prediction,svm_confidence,svm_prediction
0,0.9818503463580344,[39.57437746 40.11257085 40.48441534 40.56269363 40.68990716],0.9827286743176264,[39.78248994 40.34375757 40.68792032 40.75461668 40.85896051]
