,lr_confidence,lr_prediction,svm_confidence,svm_prediction
0,0.9957382627072378,[160.45232199 162.10480245 163.69721022 160.85291868 161.84441613],0.9961659371113378,[159.71853061 160.34935137 164.26166023 159.44158265 159.9312225 ]
