,lr_confidence,lr_prediction,svm_confidence,svm_prediction
0,0.9922541850937212,[149.34743116 147.64842651 149.28746916 145.40976387 147.91827076],0.9925572062392215,[151.53702199 151.15438539 151.79207394 140.99220862 152.67263056]
