,lr_confidence,lr_prediction,svm_confidence,svm_prediction
0,0.9963617506167766,[79.79485977 80.49679404 80.61711995 80.23607516 80.28621605],0.9964770839394885,[76.61420305 69.29619699 67.8254478  72.32528802 71.76452595]
