,lr_confidence,lr_prediction,svm_confidence,svm_prediction
0,0.995911583136276,[94.17648661 93.81806834 93.87780344 93.78819314 93.28041415],0.9957677909324781,[88.62320288 90.54557034 90.25929156 90.68350429 92.4899122 ]
