,lr_confidence,lr_prediction,svm_confidence,svm_prediction
0,0.9676300217250797,[16.00286597 15.95374371 16.0519873  16.14040946 16.16988226],0.9686984223965206,[16.20605115 16.1636934  16.24819766 16.32357812 16.34857505]
