,lr_confidence,lr_prediction,svm_confidence,svm_prediction
0,0.9958602525450805,[52.27769726 52.02839322 51.76911472 51.74916963 52.17797946],0.9960238830077324,[52.02418286 51.83553142 51.74790767 51.74481948 51.93516974]
