,lr_confidence,lr_prediction,svm_confidence,svm_prediction
0,0.9747870924806995,[88.35853468 89.71361983 90.26753036 89.4861272  91.05881925],0.9753788743026616,[89.4241005  89.58128232 89.46851438 89.64988008 89.74967643]
