,lr_confidence,lr_prediction,svm_confidence,svm_prediction
0,0.9891014553221503,[64.40900765 64.80542542 64.32972106 63.94321221 64.66667768],0.990092646781444,[63.16843522 63.58590621 63.11970419 63.01814884 63.40611698]
