,lr_confidence,lr_prediction,svm_confidence,svm_prediction
0,0.9962920256176052,[107.52569714 107.42605648 107.87443562 107.59544331 108.44239272],0.9961941832655072,[107.27483319 107.25320521 107.56869103 107.30566929 108.75277036]
