,lr_confidence,lr_prediction,svm_confidence,svm_prediction
0,0.9815046895528673,[101.54482033 101.803176   102.60805181 102.44906138 103.5917805 ],0.9823183885353461,[ 99.70918508 100.37650416 103.1091751  102.55547511 105.40138436]
