,lr_confidence,lr_prediction,svm_confidence,svm_prediction
0,0.9804702224690095,[100.84860555 100.92732456  99.25457941  98.33949157  98.50677134],0.9791562181379964,[101.30515914 101.64503297  98.78157556 100.18054992 100.04045641]
