,lr_confidence,lr_prediction,svm_confidence,svm_prediction
0,0.9923417539821631,[51.0140931  51.7795569  51.99826519 49.2942835  49.76151494],0.9926952292195127,[51.14030472 51.93395945 52.20783121 50.04311202 50.47520127]
