,lr_confidence,lr_prediction,svm_confidence,svm_prediction
0,0.9843983936511456,[29.48842524 29.5083494  29.43861484 28.69147597 28.96044642],0.9852478536698857,[30.40869854 30.43203811 30.34706438 29.01789622 29.55583347]
