,lr_confidence,lr_prediction,svm_confidence,svm_prediction
0,0.9926178245712209,[89.89473737 90.52267275 90.18378566 91.37984834 91.82836709],0.9927715411940162,[90.37957677 89.99221972 90.25725289 89.55649277 89.90713524]
