,lr_confidence,lr_prediction,svm_confidence,svm_prediction
0,0.9929767725361522,[195.18153301 194.69729273 194.02531275 193.59048164 192.1773033 ],0.9922920502694951,[191.61403943 193.12426173 195.15339121 195.81391809 192.25182138]
