,lr_confidence,lr_prediction,svm_confidence,svm_prediction
0,0.993077511303318,[214.55211102 216.33699715 220.78919051 217.79097536 222.07270379],0.9908171414914193,[205.74083495 208.59368823 152.36900375 217.3670495  136.15539332]
