,lr_confidence,lr_prediction,svm_confidence,svm_prediction
0,0.9962999085148652,[192.77946651 194.58981085 194.90987004 193.64962552 193.74964784],0.9966215665414586,[193.99986318 192.10366155 192.04815336 193.16948797 193.01911261]
