,lr_confidence,lr_prediction,svm_confidence,svm_prediction
0,0.9959429049549487,[47.16151819 47.77652444 47.29047265 47.45910247 47.50869859],0.995988524188147,[47.05571186 47.95041416 47.26188222 47.52388808 47.59746576]
