,lr_confidence,lr_prediction,svm_confidence,svm_prediction
0,0.9953384355367707,[219.94506025 220.16459562 222.81882624 220.59365619 222.5597399 ],0.9954946369273898,[219.58036915 219.43795036 225.49218111 219.38480523 224.98369014]
