,lr_confidence,lr_prediction,svm_confidence,svm_prediction
0,0.9942160743987848,[152.6541349  153.02318819 154.72874037 153.6044092  154.53800233],0.9945267556427364,[152.63486487 153.23980099 150.00355047 153.77465412 151.2391849 ]
