,lr_confidence,lr_prediction,svm_confidence,svm_prediction
0,0.9894017631001498,[209.91529326 211.27073751 214.08057307 214.28982456 215.34601014],0.9892105971493272,[208.55190397 210.88904465 208.00058694 208.12765351 206.56120922]
