,lr_confidence,lr_prediction,svm_confidence,svm_prediction
0,0.9916475880475492,[28.96439514 29.27392773 29.15410762 29.3737775  29.19404829],0.9919706102382115,[29.04315812 29.30360836 29.20618224 29.38211299 29.23909459]
