,lr_confidence,lr_prediction,svm_confidence,svm_prediction
0,0.9960513583849357,[86.69056816 87.04126894 87.97311506 86.16953945 87.71259688],0.9959989420228293,[87.48448767 87.39149108 86.24481232 87.22885459 86.65532206]
