,lr_confidence,lr_prediction,svm_confidence,svm_prediction
0,0.990914602026718,[51.60320789 52.40282959 52.47193453 53.00501945 52.91617133],0.9911687866961402,[51.32073626 52.01563649 52.04805214 52.04046549 52.07908668]
