,lr_confidence,lr_prediction,svm_confidence,svm_prediction
0,0.9823410521795819,[236.49426857 236.19885312 230.60571813 230.60571813 233.16596529],0.9795594016162225,[236.96097693 236.1639509  231.19382594 231.19382594 233.36641088]
