,lr_confidence,lr_prediction,svm_confidence,svm_prediction
0,0.9893861244490743,[49.57068817 49.40405136 49.53148372 49.77654451 50.25686214],0.9895882002562038,[49.82289892 49.70116196 49.79346484 49.98669284 50.42617875]
