,lr_confidence,lr_prediction,svm_confidence,svm_prediction
0,0.9663503299628852,[36.2505494  36.8445353  36.58162229 36.40634818 36.68873652],0.968373548049574,[35.97530797 37.00141685 36.56102605 36.25121743 36.74541087]
