,lr_confidence,lr_prediction,svm_confidence,svm_prediction
0,0.9795207866069919,[128.45384925 129.09286327 131.47197534 129.96687091 129.51138852],0.9805328382983832,[129.69172715 130.24295087 129.91296118 130.08731922 130.26568006]
