,lr_confidence,lr_prediction,svm_confidence,svm_prediction
0,0.9868875679589301,[29.3353924  29.66985202 30.75192415 30.04366017 30.43713974],0.9867585326420625,[29.02053329 29.42557068 31.0446138  29.98943552 30.60672001]
