,lr_confidence,lr_prediction,svm_confidence,svm_prediction
0,0.9964638070164774,[158.99531953 158.945398   160.61268859 160.66259488 161.5910865 ],0.996289530418689,[158.65107819 158.61790491 157.77597566 157.59844445 151.51022875]
