,lr_confidence,lr_prediction,svm_confidence,svm_prediction
0,0.9950794062499022,[118.12030124 117.82125458 117.66176252 115.33922376 114.81091919],0.9944667020667536,[118.65295442 118.79621421 118.82039543 114.33893436 113.95585655]
