,lr_confidence,lr_prediction,svm_confidence,svm_prediction
0,0.994526944486765,[142.79443203 140.52810522 142.44344761 138.30189879 139.44508464],0.9948700431051078,[142.3038266  141.86143888 142.04959066 141.27272682 142.43711404]
