,lr_confidence,lr_prediction,svm_confidence,svm_prediction
0,0.9871824773339651,[47.05565529 47.48680434 43.45952496 43.0969709  43.22435241],0.9879414602861625,[46.79367399 47.16117967 43.89646865 43.48684141 43.63314508]
