,lr_confidence,lr_prediction,svm_confidence,svm_prediction
0,0.9943526357270829,[118.95487246 121.82036068 123.70397289 122.09088154 123.54366253],0.9935919671664829,[116.08935919 121.96232054 131.69107635 122.91414597 131.36045524]
