,lr_confidence,lr_prediction,svm_confidence,svm_prediction
0,0.9840008094875332,[68.20192894 68.10325489 68.2315304  68.24140006 68.04404445],0.9840462281523609,[68.45237675 68.36659711 68.47810724 68.48669409 68.31485041]
