,lr_confidence,lr_prediction,svm_confidence,svm_prediction
0,0.9792001562853659,[34.9080691  35.23056893 34.8005679  35.0155703  35.00579507],0.9763968244694068,[34.62745184 34.82302943 34.56934407 34.68858456 34.68287876]
