,lr_confidence,lr_prediction,svm_confidence,svm_prediction
0,0.9947301952809334,[418.66278255 417.79165463 412.12428124 407.32803575 413.24573467],0.9941893210741788,[420.68515253 410.89946667 391.38988795 398.28554445 398.50314755]
