,lr_confidence,lr_prediction,svm_confidence,svm_prediction
0,0.9931637512878603,[157.81488306 155.14246741 149.74795997 149.43998912 151.7348843 ],0.9929927799979882,[162.21826325 154.77863417 149.92435147 149.19705802 151.94509333]
