,lr_confidence,lr_prediction,svm_confidence,svm_prediction
0,0.9975580294407808,[114.87231648 115.62595902 117.12319339 116.28916814 117.20358377],0.9973245126110156,[115.02010051 114.17118802  97.33107027 109.0662556   96.02170725]
