,lr_confidence,lr_prediction,svm_confidence,svm_prediction
0,0.9897292087667777,[72.026964   71.78015921 72.25402409 72.78711545 73.03392023],0.9907490092666412,[71.93687031 71.77665357 72.07082802 72.26739684 72.24682385]
