,lr_confidence,lr_prediction,svm_confidence,svm_prediction
0,0.9957235475020562,[149.98571566 149.7579022  149.57960282 151.64977218 150.84745541],0.9956738832978681,[151.18443353 150.83006746 150.47394778 151.67013077 151.54969863]
