,lr_confidence,lr_prediction,svm_confidence,svm_prediction
0,0.9935763642212174,[45.52381473 45.64296568 44.71958011 44.6302207  44.89830272],0.9934468259633341,[45.17272408 45.33077816 44.14996168 44.05396268 44.35558867]
