,lr_confidence,lr_prediction,svm_confidence,svm_prediction
0,0.996790872358696,[213.66407439 214.03522973 216.75373443 214.64714317 212.08914386],0.9967268334702338,[214.38849697 214.27096004 214.30658356 214.93123914 215.69127545]
