,lr_confidence,lr_prediction,svm_confidence,svm_prediction
0,0.9750520112576945,[159.19341324 159.93936352 158.54560161 159.87066948 161.21534698],0.9741711244257507,[161.86134001 161.66508397 160.99726663 161.73482648 160.07503683]
