,lr_confidence,lr_prediction,svm_confidence,svm_prediction
0,0.9926800442789884,[45.80417904 45.35597461 43.16473732 43.20457509 43.29421674],0.9927726828654484,[46.38211425 46.45095938 44.10268021 44.18880614 44.38184383]
