,lr_confidence,lr_prediction,svm_confidence,svm_prediction
0,0.9815941195990534,[90.80638835 90.74722536 90.58945235 90.79652281 90.44154488],0.9812243197410172,[91.95356595 91.88993171 91.71040427 91.94307748 91.52613247]
