,lr_confidence,lr_prediction,svm_confidence,svm_prediction
0,0.9787523482209028,[17.97177577 17.62065551 17.22076777 17.5718899  17.61090202],0.9772504276533637,[17.59696086 17.21321442 16.85289846 17.1644773  17.2033669 ]
