,lr_confidence,lr_prediction,svm_confidence,svm_prediction
0,0.9937287135511017,[299.08165311 297.42670714 299.02183835 294.40594016 297.14756146],0.9936536465079059,[303.33058261 295.48385148 303.36276785 291.80095207 293.39430172]
