,lr_confidence,lr_prediction,svm_confidence,svm_prediction
0,0.9732459295415494,[10.40357042 10.47172271 10.34515378 10.5106662  10.49119492],0.9742741196658222,[10.39954097 10.44355239 10.36267253 10.46927958 10.45635946]
