,lr_confidence,lr_prediction,svm_confidence,svm_prediction
0,0.9839384657969165,[45.79098382 46.19487172 46.33278235 46.50024769 46.54949798],0.9850942309317051,[45.47459251 45.98079575 46.14821689 46.35090806 46.41086278]
