,lr_confidence,lr_prediction,svm_confidence,svm_prediction
0,0.9748003664324362,[33.05985811 33.21710575 33.09917095 32.98123241 33.51194461],0.9746118585367345,[33.62540561 33.84847561 33.68405365 33.50286186 34.17746011]
