,lr_confidence,lr_prediction,svm_confidence,svm_prediction
0,0.9970798987855113,[82.13294056 81.47944969 81.34875458 80.14230813 80.76563918],0.9969653859654258,[82.6938124  82.49876973 82.20701151 78.26905008 80.3014385 ]
