,lr_confidence,lr_prediction,svm_confidence,svm_prediction
0,0.9934837579341471,[48.820288   49.30665907 48.53244298 48.54236604 49.10814066],0.9937508433580453,[49.14034304 49.1711091  49.11744462 49.11953658 49.1391838 ]
