,lr_confidence,lr_prediction,svm_confidence,svm_prediction
0,0.9617674336171849,[12.63397706 12.81732073 12.45063432 12.30588975 12.39273612],0.9614449091303641,[12.21005182 12.46037679 11.9867261  11.83398902 11.92298501]
