,lr_confidence,lr_prediction,svm_confidence,svm_prediction
0,0.9842368929302936,[59.72321181 59.99032273 59.46599698 58.56574128 60.06946866],0.9842387247358187,[60.25041753 60.33766611 60.09808147 59.01632156 60.35333531]
