,lr_confidence,lr_prediction,svm_confidence,svm_prediction
0,-0.2481935969988975,[28.09917783 28.0753558  27.74182692 27.83712073 27.95623769],-0.29165672024027134,[28.07271543 28.06198507 27.91154266 27.95699162 28.00980258]
