,lr_confidence,lr_prediction,svm_confidence,svm_prediction
0,0.9920516229754759,[62.53828273 62.20373255 61.21975587 61.70190539 62.67603758],0.9927042916239917,[63.31772514 63.28625128 62.58649936 63.10981102 63.33669851]
