,lr_confidence,lr_prediction,svm_confidence,svm_prediction
0,0.9661574512876044,[122.20284289 121.97840156 118.70932627 117.18700177 117.18700177],0.9662446983257138,[121.11493397 120.75195036 118.38591681 118.35992373 118.35992373]
