,lr_confidence,lr_prediction,svm_confidence,svm_prediction
0,0.9294089341090906,[72.66728674 71.50220378 69.75938479 70.19268497 69.32609197],0.9255013374199623,[72.44621151 72.03421795 68.88803102 69.35638103 68.6578749 ]
