,lr_confidence,lr_prediction,svm_confidence,svm_prediction
0,0.9923707982823536,[57.5854153  57.89201251 58.35685517 57.86233912 57.18980169],0.992633038112897,[57.2469832  57.52065018 57.83734469 57.49614177 56.86215702]
