,lr_confidence,lr_prediction,svm_confidence,svm_prediction
0,0.9861834806432253,[70.00157047 70.5838766  69.78443873 69.93248138 70.97865952],0.9867730902038409,[70.13292383 70.83105184 69.82584483 70.03699471 71.17421333]
