,lr_confidence,lr_prediction,svm_confidence,svm_prediction
0,0.9869140446355045,[165.0369885  164.27398682 165.48290824 166.09012585 168.49914356],0.9870528036221293,[163.78208657 163.54296792 164.13058329 164.81817834 158.36290475]
