,lr_confidence,lr_prediction,svm_confidence,svm_prediction
0,0.9898915737844833,[51.82232775 52.40982068 52.30028713 52.03143379 52.59901222],0.990228122724903,[51.6430663  53.60510219 53.18114766 52.24899084 54.38575616]
