,lr_confidence,lr_prediction,svm_confidence,svm_prediction
0,0.997893095732553,[144.96644134 144.36506167 143.34152498 142.13737228 145.01730658],0.9983389323985546,[142.35679625 142.00403632 142.23150737 142.2564648  142.3948066 ]
