,lr_confidence,lr_prediction,svm_confidence,svm_prediction
0,0.9708561373451067,[26.46422094 26.73000063 26.50359466 26.83827979 26.67093723],0.9715939615439301,[26.50341354 26.76933992 26.54213614 26.87865682 26.70962772]
