,lr_confidence,lr_prediction,svm_confidence,svm_prediction
0,0.9841679412590745,[34.7711351  35.15775127 34.14659925 34.15651084 34.2159917 ],0.9844073928395054,[34.68286357 34.95877139 34.05670385 34.06848674 34.13809009]
