,lr_confidence,lr_prediction,svm_confidence,svm_prediction
0,0.9939382577933927,[127.67507707 127.7848961  128.64347703 128.96295609 129.92136281],0.9938940517037804,[126.68371181 126.8350074  127.89474766 127.74678657 123.49948654]
