,lr_confidence,lr_prediction,svm_confidence,svm_prediction
0,0.9877501013030848,[113.27015551 112.85275175 112.36578955 114.19439422 114.05526216],0.9878134006011698,[112.05822711 111.08905281 110.88184008 114.54057106 114.32583096]
