,lr_confidence,lr_prediction,svm_confidence,svm_prediction
0,0.9903862489731245,[98.13834717 99.10277583 99.15248826 99.75898747 99.1922582 ],0.9906864380706872,[97.70883357 98.52240659 98.53932274 98.64566214 98.55142419]
