,lr_confidence,lr_prediction,svm_confidence,svm_prediction
0,0.45739441073352605,[46.32788389 47.10781502 46.78284302 46.66729736 47.08615004],0.4246979334659211,[47.60524334 48.1338097  48.25567962 48.18911765 48.15311072]
