,lr_confidence,lr_prediction,svm_confidence,svm_prediction
0,0.9952403187255637,[33.3422502  33.48132403 33.91841104 33.85881069 33.78927568],0.995462943915363,[32.38921191 32.15276537 31.24694237 31.37989709 31.53247371]
