,lr_confidence,lr_prediction,svm_confidence,svm_prediction
0,0.993533858567156,[95.3577941  95.08100339 95.27870886 95.3380266  94.94260042],0.993515777737612,[92.97263303 93.83794613 93.24278523 93.04186309 94.18597122]
