,lr_confidence,lr_prediction,svm_confidence,svm_prediction
0,0.9932186399879094,[97.48911213 97.75856845 96.75059516 95.80249175 97.94819066],0.9929999147891676,[98.18388196 98.16011682 98.21565947 97.02535125 98.18358594]
