,lr_confidence,lr_prediction,svm_confidence,svm_prediction
0,0.9964573599335068,[195.40339149 197.8482742  198.98052392 198.33924447 198.58974449],0.9966928215115369,[200.93652617 197.77275676 197.93015834 197.7495944  197.75248942]
