,lr_confidence,lr_prediction,svm_confidence,svm_prediction
0,0.9906710307264552,[85.08887296 85.70550097 86.3718674  86.42993119 86.43994456],0.9908825820848418,[85.38299108 84.77674079 84.00999149 83.93670554 83.92387465]
