,lr_confidence,lr_prediction,svm_confidence,svm_prediction
0,0.995458315480766,[84.97606512 84.95597847 85.57853454 85.65885818 85.78939845],0.9954419055354041,[83.18257594 83.28264151 79.27901461 78.64388993 77.56701336]
