,lr_confidence,lr_prediction,svm_confidence,svm_prediction
0,0.9837270028437305,[81.52381754 81.86805209 81.69101782 82.20246023 82.34015102],0.9839745581224434,[81.33859426 81.80164486 81.56743823 82.20085635 82.34164718]
