,lr_confidence,lr_prediction,svm_confidence,svm_prediction
0,0.9922897479557007,[116.79758466 116.58732727 117.25814738 117.2080817  117.0679101 ],0.9916634312589391,[105.1531591  107.21344467 100.43850015 100.95426355 102.39960624]
