,lr_confidence,lr_prediction,svm_confidence,svm_prediction
0,0.99367020875353,[219.87970741 222.2973346  222.39765705 218.07401044 220.70230865],0.9931556647225025,[219.42722223 217.00603916 216.94891391 217.58826278 218.16886103]
