,lr_confidence,lr_prediction,svm_confidence,svm_prediction
0,0.9849108103427514,[48.41300788 48.62097367 48.78933454 48.19513515 47.92774295],0.9855337908830273,[48.30388959 48.33941456 48.39453765 48.29152977 48.28160039]
