,lr_confidence,lr_prediction,svm_confidence,svm_prediction
0,0.9472675212861928,[8.99725044 9.08282729 9.02577667 8.96872514 9.04479293],0.9475382909871507,[9.00297821 9.08968258 9.03188986 8.97405361 9.05115695]
