,lr_confidence,lr_prediction,svm_confidence,svm_prediction
0,0.9749821818665902,[31.43011216 31.82322054 31.71511663 31.95098279 32.38340221],0.9748131163209189,[31.3220622  31.59222009 31.51804339 31.67831453 31.9404712 ]
