,lr_confidence,lr_prediction,svm_confidence,svm_prediction
0,0.9889775907000155,[181.62848401 183.14574584 180.46059679 177.456033   178.43426059],0.9900985148554241,[180.42142306 183.25962539 179.66504613 179.7603951  181.07948649]
