,lr_confidence,lr_prediction,svm_confidence,svm_prediction
0,0.9863812492323716,[53.12964559 53.70981211 54.0736451  54.25064595 54.46697948],0.9865683144182217,[53.3369068  53.70713582 53.92516429 54.04058609 54.19587867]
