,lr_confidence,lr_prediction,svm_confidence,svm_prediction
0,0.9553940044920286,[137.3320478  139.76585451 139.33751701 139.30831252 139.9995053 ],0.9525511153987566,[138.2595459  140.89841677 140.52118484 140.51011295 141.27051742]
