,lr_confidence,lr_prediction,svm_confidence,svm_prediction
0,0.9978325402667105,[104.23732051 104.41807739 105.55282419 103.08248535 104.06660015],0.9978321969757986,[104.00151867 104.17119624 105.04658326 103.96830863 103.86074105]
