,lr_confidence,lr_prediction,svm_confidence,svm_prediction
0,0.5299065486069979,[32.36931786 32.70279196 32.32674566 32.33384102 32.37641322],0.5228013335599611,[32.48058423 32.11804302 32.55137652 32.53920212 32.46931413]
