,lr_confidence,lr_prediction,svm_confidence,svm_prediction
0,0.651338885405672,[32.47821159 32.78213519 32.37690372 32.36966725 32.43841168],0.7475490062198706,[33.40501494 32.37377762 33.89997022 33.93821351 33.59042237]
