,lr_confidence,lr_prediction,svm_confidence,svm_prediction
0,0.9934472595754775,[94.82014201 96.12437057 96.37327443 97.42859151 96.56243102],0.9934018264705211,[95.34672055 95.70728269 95.95712865 97.87989606 96.2215702 ]
