,lr_confidence,lr_prediction,svm_confidence,svm_prediction
0,0.9558939102860992,[67.0708433  67.94609133 68.08224795 68.685205   68.64630311],0.9536013986549788,[68.03548593 69.59956572 69.63546166 69.29114135 69.32603897]
