,lr_confidence,lr_prediction,svm_confidence,svm_prediction
0,0.9941800831257127,[183.88356192 185.17493081 185.17493081 182.21471925 181.92664395],0.9943461986557619,[185.47620123 184.94285943 184.94285943 182.38091432 182.12095299]
