,lr_confidence,lr_prediction,svm_confidence,svm_prediction
0,0.9908526524921332,[8.99880788 9.18776406 9.04853349 9.06842316 8.96897194],0.9913230126276571,[9.10158678 9.24586265 9.13945774 9.15459027 9.07878637]
