,lr_confidence,lr_prediction,svm_confidence,svm_prediction
0,0.9909324001811705,[64.62105052 64.2639523  63.37121053 62.97443767 63.45056737],0.9905799630249117,[64.57914583 64.1287101  63.20041308 63.0330291  63.25739093]
