,lr_confidence,lr_prediction,svm_confidence,svm_prediction
0,0.9956433261752006,[95.00463964 95.40363697 96.02206301 96.16171055 95.72282263],0.9958374245758475,[95.2376541  93.78391419 88.50506184 86.88084927 91.4895794 ]
