,lr_confidence,lr_prediction,svm_confidence,svm_prediction
0,0.9715466137942889,[36.70122882 37.03691916 37.5305812  37.34298721 37.40222801],0.9721122016889759,[36.85795585 37.17859543 37.62661799 37.46333903 37.51605595]
