,lr_confidence,lr_prediction,svm_confidence,svm_prediction
0,0.9936941768683625,[1221.20759203 1248.83638141 1245.18399327 1228.83277681 1224.01956444],0.974780045342761,[1231.50086107 1200.14806677 1289.72582432 1210.3820434  1254.01459058]
