,lr_confidence,lr_prediction,svm_confidence,svm_prediction
0,0.9927418732747256,[84.0541131  84.46540292 84.6158778  85.06729477 84.94692099],0.9930639311366785,[85.20752566 84.9644836  84.83260479 84.46833691 84.54834112]
