,lr_confidence,lr_prediction,svm_confidence,svm_prediction
0,0.9825261526937332,[284.78547616 289.25802921 291.72530698 293.07199063 295.19523745],0.9775611971187399,[298.63166013 292.69092456 294.64350311 291.08543449 297.33953102]
