,lr_confidence,lr_prediction,svm_confidence,svm_prediction
0,0.9903106977227215,[116.2745472  118.06853216 116.67100923 118.07844561 117.94959355],0.9904230805772942,[116.98525125 117.19036193 117.91063091 117.18113266 117.30970643]
