,lr_confidence,lr_prediction,svm_confidence,svm_prediction
0,0.9910494152387541,[14.21779215 14.37728437 14.2576652  14.35734832 14.27760221],0.9911340359831743,[14.25370056 14.40509557 14.29197681 14.38642213 14.31100928]
