,lr_confidence,lr_prediction,svm_confidence,svm_prediction
0,0.9437408626094723,[64.16808867 63.38802175 61.59386597 60.08248561 60.42376373],0.9454192322617383,[63.4270082  63.73283993 61.77152245 61.11642951 61.31303974]
