,lr_confidence,lr_prediction,svm_confidence,svm_prediction
0,0.9828943044016214,[51.79725393 52.86646363 53.03322031 53.10188615 53.1607399 ],0.9818246453304245,[52.5955383  53.80629201 53.75373285 53.71766399 53.68110515]
