,lr_confidence,lr_prediction,svm_confidence,svm_prediction
0,0.9841418264123141,[92.13085952 92.67823134 91.92186799 91.36453441 93.01660402],0.9835706579282281,[92.10499783 92.86356482 91.94875079 91.91258114 93.49375812]
