,lr_confidence,lr_prediction,svm_confidence,svm_prediction
0,0.966711191696017,[34.26372294 35.2602578  35.43611711 35.91484235 36.16886301],0.9672542258982247,[34.71184861 35.02033879 35.0662161  35.3107287  35.54258231]
