,lr_confidence,lr_prediction,svm_confidence,svm_prediction
0,0.9519785159483978,[39.6142016  39.91648167 39.90703425 39.43472678 38.96241932],0.9512411244099734,[39.17195649 39.4683434  39.45848531 39.01636871 38.68118227]
