,lr_confidence,lr_prediction,svm_confidence,svm_prediction
0,0.9588685896786552,[14.23905359 14.57061437 14.60962146 14.97043733 15.13621772],0.9583109338931856,[14.39043967 14.69861448 14.73342461 15.04483735 15.18369697]
