,lr_confidence,lr_prediction,svm_confidence,svm_prediction
0,0.9945117430544541,[42.80645073 43.14440385 43.38296169 43.38296169 43.57181617],0.9948177317855501,[42.7054202  42.93257342 43.07520044 43.07520044 43.18755563]
