,lr_confidence,lr_prediction,svm_confidence,svm_prediction
0,0.9717669859505684,[16.86863273 16.82998454 16.67538806 17.07628445 17.25228729],0.9723350058714737,[16.88488148 16.84807408 16.70454455 17.08913047 17.26996676]
