,lr_confidence,lr_prediction,svm_confidence,svm_prediction
0,0.992730499117775,[155.2368083  152.9543124  153.86133316 153.36296019 154.56899861],0.9925567138789166,[156.77671804 153.24250189 154.81347488 153.95644517 155.89434145]
