,lr_confidence,lr_prediction,svm_confidence,svm_prediction
0,0.9928456647583866,[274.59226089 267.35119276 263.60138324 257.84026054 255.92654272],0.9926248567056524,[276.96745305 272.22939828 268.48773141 255.39493791 250.18568281]
