,lr_confidence,lr_prediction,svm_confidence,svm_prediction
0,0.9900354657507181,[53.92864655 53.79994791 54.01774561 53.93855025 54.06724509],0.990330056467259,[54.01608321 53.96514112 54.04065973 54.01924132 54.05064765]
