,lr_confidence,lr_prediction,svm_confidence,svm_prediction
0,0.9955907992891159,[53.90427499 53.7750222  54.00369757 53.7750222  53.67559962],0.9955804353125728,[48.39904568 49.1033324  47.80638095 49.1033324  49.59392116]
