,lr_confidence,lr_prediction,svm_confidence,svm_prediction
0,0.9941925051002377,[163.35877183 162.62933802 162.46175637 163.15177526 163.02362369],0.9939893891981241,[164.17809431 163.61599338 163.41547132 164.07152082 163.98395429]
