,lr_confidence,lr_prediction,svm_confidence,svm_prediction
0,0.9950283623132281,[267.04323408 263.34863114 266.64379448 266.26437563 266.37420018],0.9947619158515087,[236.47465849 258.58234564 246.72412348 254.93885604 252.75111496]
