,lr_confidence,lr_prediction,svm_confidence,svm_prediction
0,0.9671980363924046,[48.52095937 47.25455722 47.08767028 48.20681217 48.28534521],0.9685703748931402,[46.69150322 46.8432458  46.88562155 46.67134655 46.67098058]
