,lr_confidence,lr_prediction,svm_confidence,svm_prediction
0,0.9482569442846893,[70.36389657 70.56260678 70.20304045 70.68562342 69.86239021],0.9488146472903021,[70.3942948  70.62575621 70.21251459 70.77026477 69.86040216]
