,lr_confidence,lr_prediction,svm_confidence,svm_prediction
0,0.9795588175186479,[52.89764495 53.06506187 53.33146479 52.83812688 53.26239778],0.9797101700912988,[52.7410543  52.87502907 53.11433837 52.69455831 53.04782849]
